{"cameraMode":{"drawMode":0,"name":"Shaded","section":"Shading Mode"},"sceneLighting":true,"audioPlay":false,"sceneViewState":{"showFog":true,"showMaterialUpdate":false,"showSkybox":true,"showFlares":true,"showImageEffects":true,"showParticleSystems":true},"in2DMode":false,"pivot":{"x":-0.065185546875,"y":131.76608276367188,"z":-8.71484375},"rotation":{"x":0.004499791655689478,"y":-0.012602526694536209,"z":0.00005733496436732821,"w":0.9999105334281921},"size":14.38902759552002,"orthographic":true}