{"cameraMode":{"drawMode":0,"name":"Shaded","section":"Shading Mode"},"sceneLighting":false,"audioPlay":false,"sceneViewState":{"showFog":true,"showMaterialUpdate":false,"showSkybox":true,"showFlares":true,"showImageEffects":true,"showParticleSystems":true},"in2DMode":false,"pivot":{"x":0.049664419144392017,"y":0.4450593590736389,"z":-0.053946495056152347},"rotation":{"x":0.1550527960062027,"y":0.01096415612846613,"z":0.0017199832946062089,"w":-0.9878438711166382},"size":2.8557872772216799,"orthographic":false}