{"cameraMode":{"drawMode":0,"name":"Shaded","section":"Shading Mode"},"sceneLighting":true,"audioPlay":false,"sceneViewState":{"showFog":true,"showMaterialUpdate":false,"showSkybox":true,"showFlares":true,"showImageEffects":true,"showParticleSystems":true},"in2DMode":false,"pivot":{"x":-3.49761962890625,"y":122.63041687011719,"z":-9.171875},"rotation":{"x":0.004499791655689478,"y":-0.012602526694536209,"z":0.00005733496436732821,"w":0.9999105334281921},"size":20.575050354003908,"orthographic":true}