{"cameraMode":{"drawMode":0,"name":"Shaded","section":"Shading Mode"},"sceneLighting":false,"audioPlay":false,"sceneViewState":{"showFog":true,"showMaterialUpdate":false,"showSkybox":true,"showFlares":true,"showImageEffects":true,"showParticleSystems":true},"in2DMode":false,"pivot":{"x":0.3799126148223877,"y":0.13541480898857118,"z":-0.0037136077880859377},"rotation":{"x":0.00001547266037960071,"y":-0.9999673366546631,"z":0.007809176575392485,"w":0.0021056144032627346},"size":2.857883930206299,"orthographic":false}