{"cameraMode":{"drawMode":0,"name":"Shaded","section":"Shading Mode"},"sceneLighting":true,"audioPlay":false,"sceneViewState":{"showFog":true,"showMaterialUpdate":false,"showSkybox":true,"showFlares":true,"showImageEffects":true,"showParticleSystems":true},"in2DMode":false,"pivot":{"x":6.929999828338623,"y":142.67999267578126,"z":0.0},"rotation":{"x":0.004499791655689478,"y":-0.012602526694536209,"z":0.00005733496436732821,"w":0.9999105334281921},"size":2.8578836917877199,"orthographic":true}